artist_name,artist_id,album_id,album_type,album_release_date,album_release_year,album_release_date_precision,danceability,energy,key,loudness,mode,speechiness,acousticness,instrumentalness,liveness,valence,tempo,track_id,analysis_url,time_signature,disc_number,duration_ms,explicit,track_href,is_local,track_name,track_preview_url,track_number,type,track_uri,external_urls.spotify,album_name,key_name,mode_name,key_mode
The Chicks,25IG9fa7cbdmCIy3OnuH57,1YV5Rh6n8dLOycCqWcUSq4,album,2020-07-17,2020,day,0.681,0.728,2,-7.317,1,0.0513,0.00624,0,0.055,0.693,131.017,4UN6sBmFTt2IqxN3IRqJT3,https://api.spotify.com/v1/audio-analysis/4UN6sBmFTt2IqxN3IRqJT3,4,1,203466,FALSE,https://api.spotify.com/v1/tracks/4UN6sBmFTt2IqxN3IRqJT3,FALSE,Gaslighter,https://p.scdn.co/mp3-preview/971fcdc29d79ffa53f539c159abbeaa72f700bc2?cid=7d579775eb7c4283b5e8a198fce27ec9,1,track,spotify:track:4UN6sBmFTt2IqxN3IRqJT3,https://open.spotify.com/track/4UN6sBmFTt2IqxN3IRqJT3,Gaslighter,D,major,D major
The Chicks,25IG9fa7cbdmCIy3OnuH57,1YV5Rh6n8dLOycCqWcUSq4,album,2020-07-17,2020,day,0.71,0.58,0,-6.794,1,0.0366,0.0316,3.55e-4,0.0806,0.573,97.983,08kXaWxw2QkXSQTlyH9GMc,https://api.spotify.com/v1/audio-analysis/08kXaWxw2QkXSQTlyH9GMc,4,1,192946,FALSE,https://api.spotify.com/v1/tracks/08kXaWxw2QkXSQTlyH9GMc,FALSE,Sleep at Night,https://p.scdn.co/mp3-preview/16a0019f4ebc7c9e8667be69b3a52daed911a04a?cid=7d579775eb7c4283b5e8a198fce27ec9,2,track,spotify:track:08kXaWxw2QkXSQTlyH9GMc,https://open.spotify.com/track/08kXaWxw2QkXSQTlyH9GMc,Gaslighter,C,major,C major
The Chicks,25IG9fa7cbdmCIy3OnuH57,1YV5Rh6n8dLOycCqWcUSq4,album,2020-07-17,2020,day,0.784,0.727,9,-7.315,1,0.308,0.259,6.67e-4,0.105,0.793,159.992,6fDAGY50m6cnVBY8aUTi9d,https://api.spotify.com/v1/audio-analysis/6fDAGY50m6cnVBY8aUTi9d,4,1,224973,FALSE,https://api.spotify.com/v1/tracks/6fDAGY50m6cnVBY8aUTi9d,FALSE,Texas Man,https://p.scdn.co/mp3-preview/85ee269812e5c043818fcfaae8d800ba31835c43?cid=7d579775eb7c4283b5e8a198fce27ec9,3,track,spotify:track:6fDAGY50m6cnVBY8aUTi9d,https://open.spotify.com/track/6fDAGY50m6cnVBY8aUTi9d,Gaslighter,A,major,A major
The Chicks,25IG9fa7cbdmCIy3OnuH57,1YV5Rh6n8dLOycCqWcUSq4,album,2020-07-17,2020,day,0.564,0.131,2,-11.746,1,0.0333,0.833,0,0.0999,0.229,130.662,7IcNcgNZjpBO78CoDT3FnX,https://api.spotify.com/v1/audio-analysis/7IcNcgNZjpBO78CoDT3FnX,4,1,218066,FALSE,https://api.spotify.com/v1/tracks/7IcNcgNZjpBO78CoDT3FnX,FALSE,Everybody Loves You,https://p.scdn.co/mp3-preview/9033cf3181e97e645e966d5cd5e25a780f25e21b?cid=7d579775eb7c4283b5e8a198fce27ec9,4,track,spotify:track:7IcNcgNZjpBO78CoDT3FnX,https://open.spotify.com/track/7IcNcgNZjpBO78CoDT3FnX,Gaslighter,D,major,D major
The Chicks,25IG9fa7cbdmCIy3OnuH57,1YV5Rh6n8dLOycCqWcUSq4,album,2020-07-17,2020,day,0.401,0.279,7,-10.735,1,0.0918,0.625,9.81e-5,0.0635,0.289,166.508,62qXENYDqMT6CLE6Ri6WHp,https://api.spotify.com/v1/audio-analysis/62qXENYDqMT6CLE6Ri6WHp,4,1,326666,FALSE,https://api.spotify.com/v1/tracks/62qXENYDqMT6CLE6Ri6WHp,FALSE,For Her,https://p.scdn.co/mp3-preview/3cba34fd3bd1436a03d7ae22da8f2b0c308c63b3?cid=7d579775eb7c4283b5e8a198fce27ec9,5,track,spotify:track:62qXENYDqMT6CLE6Ri6WHp,https://open.spotify.com/track/62qXENYDqMT6CLE6Ri6WHp,Gaslighter,G,major,G major
The Chicks,25IG9fa7cbdmCIy3OnuH57,1YV5Rh6n8dLOycCqWcUSq4,album,2020-07-17,2020,day,0.469,0.53,2,-9.581,1,0.0761,0.626,0.0851,0.0977,0.242,110.001,3TCQaTVKBHYMBPVx1sTB8v,https://api.spotify.com/v1/audio-analysis/3TCQaTVKBHYMBPVx1sTB8v,5,1,233213,FALSE,https://api.spotify.com/v1/tracks/3TCQaTVKBHYMBPVx1sTB8v,FALSE,March March,https://p.scdn.co/mp3-preview/cd81d32a5a274ffdf25cb372140baf06a35c0d42?cid=7d579775eb7c4283b5e8a198fce27ec9,6,track,spotify:track:3TCQaTVKBHYMBPVx1sTB8v,https://open.spotify.com/track/3TCQaTVKBHYMBPVx1sTB8v,Gaslighter,D,major,D major
The Chicks,25IG9fa7cbdmCIy3OnuH57,1YV5Rh6n8dLOycCqWcUSq4,album,2020-07-17,2020,day,0.488,0.223,0,-10.912,1,0.0337,0.458,0.0308,0.146,0.0789,121.059,6LxBEoDS5uUGZ6aAovHuvc,https://api.spotify.com/v1/audio-analysis/6LxBEoDS5uUGZ6aAovHuvc,4,1,258560,FALSE,https://api.spotify.com/v1/tracks/6LxBEoDS5uUGZ6aAovHuvc,FALSE,My Best Friend's Weddings,https://p.scdn.co/mp3-preview/4a7d8a884945170e44fb01b2597ee93f091c791a?cid=7d579775eb7c4283b5e8a198fce27ec9,7,track,spotify:track:6LxBEoDS5uUGZ6aAovHuvc,https://open.spotify.com/track/6LxBEoDS5uUGZ6aAovHuvc,Gaslighter,C,major,C major
The Chicks,25IG9fa7cbdmCIy3OnuH57,1YV5Rh6n8dLOycCqWcUSq4,album,2020-07-17,2020,day,0.672,0.265,6,-11.025,0,0.176,0.134,0,0.125,0.267,85.796,2iA9BkvtzkdGT4wxqqwzKh,https://api.spotify.com/v1/audio-analysis/2iA9BkvtzkdGT4wxqqwzKh,4,1,182093,FALSE,https://api.spotify.com/v1/tracks/2iA9BkvtzkdGT4wxqqwzKh,FALSE,Tights On My Boat,https://p.scdn.co/mp3-preview/ac78cbe4a4b41e65ee3be9d8ee3c3f6def985b51?cid=7d579775eb7c4283b5e8a198fce27ec9,8,track,spotify:track:2iA9BkvtzkdGT4wxqqwzKh,https://open.spotify.com/track/2iA9BkvtzkdGT4wxqqwzKh,Gaslighter,F#,minor,F# minor
The Chicks,25IG9fa7cbdmCIy3OnuH57,1YV5Rh6n8dLOycCqWcUSq4,album,2020-07-17,2020,day,0.805,0.516,6,-8.885,1,0.0711,0.105,0.0237,0.0815,0.082,119.982,7rzwt8DCdheGEWjxGXc38a,https://api.spotify.com/v1/audio-analysis/7rzwt8DCdheGEWjxGXc38a,4,1,286320,TRUE,https://api.spotify.com/v1/tracks/7rzwt8DCdheGEWjxGXc38a,FALSE,Julianna Calm Down,https://p.scdn.co/mp3-preview/f7cf85337067b2c55a8c0918c23585d806ec5ea2?cid=7d579775eb7c4283b5e8a198fce27ec9,9,track,spotify:track:7rzwt8DCdheGEWjxGXc38a,https://open.spotify.com/track/7rzwt8DCdheGEWjxGXc38a,Gaslighter,F#,major,F# major
The Chicks,25IG9fa7cbdmCIy3OnuH57,1YV5Rh6n8dLOycCqWcUSq4,album,2020-07-17,2020,day,0.537,0.148,2,-12.508,1,0.0304,0.755,1.64e-6,0.103,0.27,80.661,3Dp2kZ4749xnDo1DTpRvMM,https://api.spotify.com/v1/audio-analysis/3Dp2kZ4749xnDo1DTpRvMM,4,1,249640,FALSE,https://api.spotify.com/v1/tracks/3Dp2kZ4749xnDo1DTpRvMM,FALSE,Young Man,https://p.scdn.co/mp3-preview/396ebcd50f08e8a4663eb746decf9966c4178653?cid=7d579775eb7c4283b5e8a198fce27ec9,10,track,spotify:track:3Dp2kZ4749xnDo1DTpRvMM,https://open.spotify.com/track/3Dp2kZ4749xnDo1DTpRvMM,Gaslighter,D,major,D major
The Chicks,25IG9fa7cbdmCIy3OnuH57,1YV5Rh6n8dLOycCqWcUSq4,album,2020-07-17,2020,day,0.231,0.193,7,-11.364,1,0.0355,0.875,1.95e-4,0.0821,0.101,77.078,4sTP7dRWuDR5P9G8BlI4NQ,https://api.spotify.com/v1/audio-analysis/4sTP7dRWuDR5P9G8BlI4NQ,4,1,245560,FALSE,https://api.spotify.com/v1/tracks/4sTP7dRWuDR5P9G8BlI4NQ,FALSE,Hope It's Something Good,https://p.scdn.co/mp3-preview/46062e4f8b829cbc92fa1a3cbe8349338e19cddd?cid=7d579775eb7c4283b5e8a198fce27ec9,11,track,spotify:track:4sTP7dRWuDR5P9G8BlI4NQ,https://open.spotify.com/track/4sTP7dRWuDR5P9G8BlI4NQ,Gaslighter,G,major,G major
The Chicks,25IG9fa7cbdmCIy3OnuH57,1YV5Rh6n8dLOycCqWcUSq4,album,2020-07-17,2020,day,0.508,0.108,2,-11.208,1,0.0357,0.856,2.35e-6,0.0963,0.219,129.904,6A22pFbf9JfA7WnXXg215G,https://api.spotify.com/v1/audio-analysis/6A22pFbf9JfA7WnXXg215G,3,1,198893,FALSE,https://api.spotify.com/v1/tracks/6A22pFbf9JfA7WnXXg215G,FALSE,Set Me Free,https://p.scdn.co/mp3-preview/80929e7cce9371054446e2cc2f2b561e804e13bd?cid=7d579775eb7c4283b5e8a198fce27ec9,12,track,spotify:track:6A22pFbf9JfA7WnXXg215G,https://open.spotify.com/track/6A22pFbf9JfA7WnXXg215G,Gaslighter,D,major,D major
The Chicks,25IG9fa7cbdmCIy3OnuH57,0RzDIlNvie24VMspi1EaXF,album,2018-01-12,2018,day,0.506,0.953,0,-3.438,1,0.0529,0.116,6.73e-6,0.979,0.119,127.997,18VUqQVVqOgoNMZ5HLzX3B,https://api.spotify.com/v1/audio-analysis/18VUqQVVqOgoNMZ5HLzX3B,4,1,315346,FALSE,https://api.spotify.com/v1/tracks/18VUqQVVqOgoNMZ5HLzX3B,FALSE,The Long Way Around,https://p.scdn.co/mp3-preview/1fb88574f4827ad2ea6a918458685d04fbd188ce?cid=7d579775eb7c4283b5e8a198fce27ec9,1,track,spotify:track:18VUqQVVqOgoNMZ5HLzX3B,https://open.spotify.com/track/18VUqQVVqOgoNMZ5HLzX3B,DCX MMXVI Live,C,major,C major
The Chicks,25IG9fa7cbdmCIy3OnuH57,0RzDIlNvie24VMspi1EaXF,album,2018-01-12,2018,day,0.357,0.972,7,-2.583,1,0.116,0.0188,5.77e-4,0.937,0.524,184.051,2JF4Zo58GVRK4Cn0x2nQ44,https://api.spotify.com/v1/audio-analysis/2JF4Zo58GVRK4Cn0x2nQ44,4,1,243960,FALSE,https://api.spotify.com/v1/tracks/2JF4Zo58GVRK4Cn0x2nQ44,FALSE,Lubbock or Leave It,https://p.scdn.co/mp3-preview/155b440c71b0be014c26fa39bbb177ea71d27646?cid=7d579775eb7c4283b5e8a198fce27ec9,2,track,spotify:track:2JF4Zo58GVRK4Cn0x2nQ44,https://open.spotify.com/track/2JF4Zo58GVRK4Cn0x2nQ44,DCX MMXVI Live,G,major,G major
The Chicks,25IG9fa7cbdmCIy3OnuH57,0RzDIlNvie24VMspi1EaXF,album,2018-01-12,2018,day,0.422,0.96,0,-2.943,1,0.0411,0.0261,9.73e-5,0.983,0.702,179.968,695xf4XYq9iuqsME7cZax5,https://api.spotify.com/v1/audio-analysis/695xf4XYq9iuqsME7cZax5,4,1,271160,FALSE,https://api.spotify.com/v1/tracks/695xf4XYq9iuqsME7cZax5,FALSE,Truth No. 2,https://p.scdn.co/mp3-preview/46c3f2b5aec63d6abb690648c740b94e525e0302?cid=7d579775eb7c4283b5e8a198fce27ec9,3,track,spotify:track:695xf4XYq9iuqsME7cZax5,https://open.spotify.com/track/695xf4XYq9iuqsME7cZax5,DCX MMXVI Live,C,major,C major
The Chicks,25IG9fa7cbdmCIy3OnuH57,0RzDIlNvie24VMspi1EaXF,album,2018-01-12,2018,day,0.557,0.521,2,-5.3,1,0.0236,0.553,0,0.895,0.303,87.028,1pFVCeSNQDaZSjNxNSoUDF,https://api.spotify.com/v1/audio-analysis/1pFVCeSNQDaZSjNxNSoUDF,4,1,241680,FALSE,https://api.spotify.com/v1/tracks/1pFVCeSNQDaZSjNxNSoUDF,FALSE,Easy Silence,https://p.scdn.co/mp3-preview/94bfb64b040fb2812b3de0687643d585156dd5a7?cid=7d579775eb7c4283b5e8a198fce27ec9,4,track,spotify:track:1pFVCeSNQDaZSjNxNSoUDF,https://open.spotify.com/track/1pFVCeSNQDaZSjNxNSoUDF,DCX MMXVI Live,D,major,D major
The Chicks,25IG9fa7cbdmCIy3OnuH57,0RzDIlNvie24VMspi1EaXF,album,2018-01-12,2018,day,0.526,0.924,2,-2.71,1,0.0605,0.202,1.55e-4,0.977,0.819,160.032,0uxkx0CvtWuFentI4jqdZm,https://api.spotify.com/v1/audio-analysis/0uxkx0CvtWuFentI4jqdZm,4,1,288720,FALSE,https://api.spotify.com/v1/tracks/0uxkx0CvtWuFentI4jqdZm,FALSE,Long Time Gone,https://p.scdn.co/mp3-preview/8bcba2f723f0f82d10684f1f294023a8e93eb937?cid=7d579775eb7c4283b5e8a198fce27ec9,5,track,spotify:track:0uxkx0CvtWuFentI4jqdZm,https://open.spotify.com/track/0uxkx0CvtWuFentI4jqdZm,DCX MMXVI Live,D,major,D major
The Chicks,25IG9fa7cbdmCIy3OnuH57,0RzDIlNvie24VMspi1EaXF,album,2018-01-12,2018,day,0.409,0.454,7,-5.009,1,0.0326,0.0851,1.28e-4,0.95,0.12,120.245,6wFP4xkuMlzJLrKzUGJsSh,https://api.spotify.com/v1/audio-analysis/6wFP4xkuMlzJLrKzUGJsSh,4,1,354253,FALSE,https://api.spotify.com/v1/tracks/6wFP4xkuMlzJLrKzUGJsSh,FALSE,Nothing Compares 2 U,https://p.scdn.co/mp3-preview/fb2b1b1f9ce49a43ced7a86c528546db015f6555?cid=7d579775eb7c4283b5e8a198fce27ec9,6,track,spotify:track:6wFP4xkuMlzJLrKzUGJsSh,https://open.spotify.com/track/6wFP4xkuMlzJLrKzUGJsSh,DCX MMXVI Live,G,major,G major
The Chicks,25IG9fa7cbdmCIy3OnuH57,0RzDIlNvie24VMspi1EaXF,album,2018-01-12,2018,day,0.481,0.424,1,-6.679,0,0.0241,0.291,4.96e-6,0.903,0.118,91.851,553tS9V944wTSJH6Vaq8Yp,https://api.spotify.com/v1/audio-analysis/553tS9V944wTSJH6Vaq8Yp,4,1,355480,FALSE,https://api.spotify.com/v1/tracks/553tS9V944wTSJH6Vaq8Yp,FALSE,Top of the World,https://p.scdn.co/mp3-preview/3d3eb3dbd00de15c75c2ebb07267adade738d147?cid=7d579775eb7c4283b5e8a198fce27ec9,7,track,spotify:track:553tS9V944wTSJH6Vaq8Yp,https://open.spotify.com/track/553tS9V944wTSJH6Vaq8Yp,DCX MMXVI Live,C#,minor,C# minor
The Chicks,25IG9fa7cbdmCIy3OnuH57,0RzDIlNvie24VMspi1EaXF,album,2018-01-12,2018,day,0.553,0.817,6,-4.186,0,0.03,0.114,1.42e-4,0.977,0.347,92.319,1f3Ngi3iM0UUWXeRQw99G3,https://api.spotify.com/v1/audio-analysis/1f3Ngi3iM0UUWXeRQw99G3,4,1,204013,FALSE,https://api.spotify.com/v1/tracks/1f3Ngi3iM0UUWXeRQw99G3,FALSE,Something in the Air,https://p.scdn.co/mp3-preview/83911fe15943c81bad29f92a52e42a6d6906fddd?cid=7d579775eb7c4283b5e8a198fce27ec9,8,track,spotify:track:1f3Ngi3iM0UUWXeRQw99G3,https://open.spotify.com/track/1f3Ngi3iM0UUWXeRQw99G3,DCX MMXVI Live,F#,minor,F# minor
The Chicks,25IG9fa7cbdmCIy3OnuH57,0RzDIlNvie24VMspi1EaXF,album,2018-01-12,2018,day,0.529,0.916,0,-3.35,1,0.0425,0.0103,1.82e-5,0.971,0.546,123.147,26Df8wx2FLIrJV9Mpy5BWx,https://api.spotify.com/v1/audio-analysis/26Df8wx2FLIrJV9Mpy5BWx,4,1,292453,FALSE,https://api.spotify.com/v1/tracks/26Df8wx2FLIrJV9Mpy5BWx,FALSE,Goodbye Earl,https://p.scdn.co/mp3-preview/b7687f28274e1e72ea89df79f231ee15e36a5485?cid=7d579775eb7c4283b5e8a198fce27ec9,9,track,spotify:track:26Df8wx2FLIrJV9Mpy5BWx,https://open.spotify.com/track/26Df8wx2FLIrJV9Mpy5BWx,DCX MMXVI Live,C,major,C major
The Chicks,25IG9fa7cbdmCIy3OnuH57,0RzDIlNvie24VMspi1EaXF,album,2018-01-12,2018,day,0.367,0.488,9,-6.702,1,0.0286,0.791,0.00238,0.941,0.323,139.302,5t9gCW02Gk1CUi2FgWZbTF,https://api.spotify.com/v1/audio-analysis/5t9gCW02Gk1CUi2FgWZbTF,4,2,336266,FALSE,https://api.spotify.com/v1/tracks/5t9gCW02Gk1CUi2FgWZbTF,FALSE,Travelin' Soldier - Acoustic,https://p.scdn.co/mp3-preview/8966ff6f2a2331a63a232a12d62e0d446b09951c?cid=7d579775eb7c4283b5e8a198fce27ec9,1,track,spotify:track:5t9gCW02Gk1CUi2FgWZbTF,https://open.spotify.com/track/5t9gCW02Gk1CUi2FgWZbTF,DCX MMXVI Live,A,major,A major
The Chicks,25IG9fa7cbdmCIy3OnuH57,0RzDIlNvie24VMspi1EaXF,album,2018-01-12,2018,day,0.581,0.973,0,-3.766,1,0.0595,0.0583,1.94e-4,0.949,0.533,138.018,3vfYbcKJmd2J3uYOxPzJsn,https://api.spotify.com/v1/audio-analysis/3vfYbcKJmd2J3uYOxPzJsn,4,2,274826,FALSE,https://api.spotify.com/v1/tracks/3vfYbcKJmd2J3uYOxPzJsn,FALSE,Don't Let Me Die in Florida - Acoustic,https://p.scdn.co/mp3-preview/a768bff4cf5650c75f57b6e364afecb1e8122d61?cid=7d579775eb7c4283b5e8a198fce27ec9,2,track,spotify:track:3vfYbcKJmd2J3uYOxPzJsn,https://open.spotify.com/track/3vfYbcKJmd2J3uYOxPzJsn,DCX MMXVI Live,C,major,C major
The Chicks,25IG9fa7cbdmCIy3OnuH57,0RzDIlNvie24VMspi1EaXF,album,2018-01-12,2018,day,0.556,0.892,9,-3.776,0,0.0503,0.362,1.14e-5,0.964,0.601,91.091,02ivhzVqpP8qQXvY5S2pM6,https://api.spotify.com/v1/audio-analysis/02ivhzVqpP8qQXvY5S2pM6,4,2,292866,FALSE,https://api.spotify.com/v1/tracks/02ivhzVqpP8qQXvY5S2pM6,FALSE,Daddy Lessons - Acoustic,https://p.scdn.co/mp3-preview/9766e53bb776ffc4a4c5b497666f586dd7d79c68?cid=7d579775eb7c4283b5e8a198fce27ec9,3,track,spotify:track:02ivhzVqpP8qQXvY5S2pM6,https://open.spotify.com/track/02ivhzVqpP8qQXvY5S2pM6,DCX MMXVI Live,A,minor,A minor
The Chicks,25IG9fa7cbdmCIy3OnuH57,0RzDIlNvie24VMspi1EaXF,album,2018-01-12,2018,day,0.488,0.958,0,-4.949,1,0.0769,0.0557,0.0208,0.692,0.405,157.952,6MgGm0r3thg3TOi66PnSyg,https://api.spotify.com/v1/audio-analysis/6MgGm0r3thg3TOi66PnSyg,4,2,177973,FALSE,https://api.spotify.com/v1/tracks/6MgGm0r3thg3TOi66PnSyg,FALSE,White Trash Wedding - Acoustic,https://p.scdn.co/mp3-preview/4e114eef49e78ba079ef166cae3284eabee26d50?cid=7d579775eb7c4283b5e8a198fce27ec9,4,track,spotify:track:6MgGm0r3thg3TOi66PnSyg,https://open.spotify.com/track/6MgGm0r3thg3TOi66PnSyg,DCX MMXVI Live,C,major,C major
The Chicks,25IG9fa7cbdmCIy3OnuH57,0RzDIlNvie24VMspi1EaXF,album,2018-01-12,2018,day,0.621,0.858,0,-8.065,1,0.0356,0.0403,0.886,0.906,0.432,127.002,1StrRXbxMX5XLgv4BfDUMF,https://api.spotify.com/v1/audio-analysis/1StrRXbxMX5XLgv4BfDUMF,4,2,151200,FALSE,https://api.spotify.com/v1/tracks/1StrRXbxMX5XLgv4BfDUMF,FALSE,Bluegrass Instrumental,https://p.scdn.co/mp3-preview/1bc26c85171d49c69dc0ec0220b755ea053be770?cid=7d579775eb7c4283b5e8a198fce27ec9,5,track,spotify:track:1StrRXbxMX5XLgv4BfDUMF,https://open.spotify.com/track/1StrRXbxMX5XLgv4BfDUMF,DCX MMXVI Live,C,major,C major
The Chicks,25IG9fa7cbdmCIy3OnuH57,0RzDIlNvie24VMspi1EaXF,album,2018-01-12,2018,day,0.507,0.867,7,-4.023,1,0.032,0.045,0.00534,0.97,0.375,98.995,6mNokqtK6pvgfiWPLEJsdz,https://api.spotify.com/v1/audio-analysis/6mNokqtK6pvgfiWPLEJsdz,4,2,272360,FALSE,https://api.spotify.com/v1/tracks/6mNokqtK6pvgfiWPLEJsdz,FALSE,Ready To Run,https://p.scdn.co/mp3-preview/13fdebf64f89dff628ba48b0c65f062d4132e2f5?cid=7d579775eb7c4283b5e8a198fce27ec9,6,track,spotify:track:6mNokqtK6pvgfiWPLEJsdz,https://open.spotify.com/track/6mNokqtK6pvgfiWPLEJsdz,DCX MMXVI Live,G,major,G major
The Chicks,25IG9fa7cbdmCIy3OnuH57,0RzDIlNvie24VMspi1EaXF,album,2018-01-12,2018,day,0.574,0.972,9,-3.009,1,0.0516,0.00275,8.48e-5,0.946,0.775,126.038,0XYdsAMSSeGhLxYVUQdi0Z,https://api.spotify.com/v1/audio-analysis/0XYdsAMSSeGhLxYVUQdi0Z,4,2,363973,FALSE,https://api.spotify.com/v1/tracks/0XYdsAMSSeGhLxYVUQdi0Z,FALSE,Mississippi,https://p.scdn.co/mp3-preview/d438a271b3b8850d4a4df1c29d9fa100b637a7e6?cid=7d579775eb7c4283b5e8a198fce27ec9,7,track,spotify:track:0XYdsAMSSeGhLxYVUQdi0Z,https://open.spotify.com/track/0XYdsAMSSeGhLxYVUQdi0Z,DCX MMXVI Live,A,major,A major
The Chicks,25IG9fa7cbdmCIy3OnuH57,0RzDIlNvie24VMspi1EaXF,album,2018-01-12,2018,day,0.435,0.641,2,-5.097,1,0.0281,0.219,1.92e-4,0.896,0.273,146.371,5XerP0sPZLsch4trvt4cKd,https://api.spotify.com/v1/audio-analysis/5XerP0sPZLsch4trvt4cKd,4,2,232200,FALSE,https://api.spotify.com/v1/tracks/5XerP0sPZLsch4trvt4cKd,FALSE,Landslide,https://p.scdn.co/mp3-preview/9c17f50d08788c2d2daa24f46902885743e02e10?cid=7d579775eb7c4283b5e8a198fce27ec9,8,track,spotify:track:5XerP0sPZLsch4trvt4cKd,https://open.spotify.com/track/5XerP0sPZLsch4trvt4cKd,DCX MMXVI Live,D,major,D major
The Chicks,25IG9fa7cbdmCIy3OnuH57,0RzDIlNvie24VMspi1EaXF,album,2018-01-12,2018,day,0.34,0.625,7,-4.247,1,0.0327,0.113,1.78e-4,0.787,0.343,161.694,5y2zGvpvp3gXkjMPEPBlT7,https://api.spotify.com/v1/audio-analysis/5y2zGvpvp3gXkjMPEPBlT7,4,2,311320,FALSE,https://api.spotify.com/v1/tracks/5y2zGvpvp3gXkjMPEPBlT7,FALSE,Cowboy Take Me Away,https://p.scdn.co/mp3-preview/352a85a33745aaf3a13251151b55214767258990?cid=7d579775eb7c4283b5e8a198fce27ec9,9,track,spotify:track:5y2zGvpvp3gXkjMPEPBlT7,https://open.spotify.com/track/5y2zGvpvp3gXkjMPEPBlT7,DCX MMXVI Live,G,major,G major
The Chicks,25IG9fa7cbdmCIy3OnuH57,0RzDIlNvie24VMspi1EaXF,album,2018-01-12,2018,day,0.366,0.778,4,-3.785,1,0.0447,0.0572,0,0.965,0.387,175.949,7iScSyN3VJBB9M0yZr8qIg,https://api.spotify.com/v1/audio-analysis/7iScSyN3VJBB9M0yZr8qIg,4,2,242226,FALSE,https://api.spotify.com/v1/tracks/7iScSyN3VJBB9M0yZr8qIg,FALSE,Wide Open Spaces,https://p.scdn.co/mp3-preview/d3392ac7fd93eddd627869d22fde6ec3e55f96b4?cid=7d579775eb7c4283b5e8a198fce27ec9,10,track,spotify:track:7iScSyN3VJBB9M0yZr8qIg,https://open.spotify.com/track/7iScSyN3VJBB9M0yZr8qIg,DCX MMXVI Live,E,major,E major
The Chicks,25IG9fa7cbdmCIy3OnuH57,0RzDIlNvie24VMspi1EaXF,album,2018-01-12,2018,day,0.514,0.989,10,-2.964,1,0.115,0.00529,0.0319,0.97,0.541,143.006,1ZCCDPPFFfh0lEMSJffvNE,https://api.spotify.com/v1/audio-analysis/1ZCCDPPFFfh0lEMSJffvNE,4,2,233600,FALSE,https://api.spotify.com/v1/tracks/1ZCCDPPFFfh0lEMSJffvNE,FALSE,Sin Wagon,https://p.scdn.co/mp3-preview/ec0afb4010ddda64059826d66a26c0720f2a7cce?cid=7d579775eb7c4283b5e8a198fce27ec9,11,track,spotify:track:1ZCCDPPFFfh0lEMSJffvNE,https://open.spotify.com/track/1ZCCDPPFFfh0lEMSJffvNE,DCX MMXVI Live,A#,major,A# major
The Chicks,25IG9fa7cbdmCIy3OnuH57,0RzDIlNvie24VMspi1EaXF,album,2018-01-12,2018,day,0.349,0.74,6,-2.95,1,0.0381,0.346,7.77e-5,0.885,0.283,167.838,5jQMHOxn3eybSuQX4IKovP,https://api.spotify.com/v1/audio-analysis/5jQMHOxn3eybSuQX4IKovP,4,2,230440,FALSE,https://api.spotify.com/v1/tracks/5jQMHOxn3eybSuQX4IKovP,FALSE,Not Ready to Make Nice,https://p.scdn.co/mp3-preview/6a27eda21292b23afeca51669e5b3879545a0a0f?cid=7d579775eb7c4283b5e8a198fce27ec9,12,track,spotify:track:5jQMHOxn3eybSuQX4IKovP,https://open.spotify.com/track/5jQMHOxn3eybSuQX4IKovP,DCX MMXVI Live,F#,major,F# major
The Chicks,25IG9fa7cbdmCIy3OnuH57,0RzDIlNvie24VMspi1EaXF,album,2018-01-12,2018,day,0.333,0.932,7,-3.582,1,0.117,0.016,0.0333,0.976,0.166,120.004,6SG8lglGiCwkPCJaBVyeBx,https://api.spotify.com/v1/audio-analysis/6SG8lglGiCwkPCJaBVyeBx,4,2,484773,FALSE,https://api.spotify.com/v1/tracks/6SG8lglGiCwkPCJaBVyeBx,FALSE,Better Way,https://p.scdn.co/mp3-preview/d3863fc6e39e2bca9a3aee255d33afdd515b3659?cid=7d579775eb7c4283b5e8a198fce27ec9,13,track,spotify:track:6SG8lglGiCwkPCJaBVyeBx,https://open.spotify.com/track/6SG8lglGiCwkPCJaBVyeBx,DCX MMXVI Live,G,major,G major
The Chicks,25IG9fa7cbdmCIy3OnuH57,2NeJdEWras0uSuzLPlJZk5,album,2006-05-23,2006,day,0.599,0.87,0,-3.377,1,0.0367,0.427,1.11e-5,0.15,0.249,128.454,16D1W4BryVlcLI4JcTRFkU,https://api.spotify.com/v1/audio-analysis/16D1W4BryVlcLI4JcTRFkU,4,1,272900,FALSE,https://api.spotify.com/v1/tracks/16D1W4BryVlcLI4JcTRFkU,FALSE,The Long Way Around,https://p.scdn.co/mp3-preview/f7dfbd5e92287e509d0a94c04a78cd33cdce9950?cid=7d579775eb7c4283b5e8a198fce27ec9,1,track,spotify:track:16D1W4BryVlcLI4JcTRFkU,https://open.spotify.com/track/16D1W4BryVlcLI4JcTRFkU,Taking The Long Way,C,major,C major
The Chicks,25IG9fa7cbdmCIy3OnuH57,2NeJdEWras0uSuzLPlJZk5,album,2006-05-23,2006,day,0.602,0.396,2,-7.186,1,0.0233,0.574,0,0.0926,0.283,87.411,1m9psn7vXZCkPA5Mykloh8,https://api.spotify.com/v1/audio-analysis/1m9psn7vXZCkPA5Mykloh8,4,1,241900,FALSE,https://api.spotify.com/v1/tracks/1m9psn7vXZCkPA5Mykloh8,FALSE,Easy Silence,https://p.scdn.co/mp3-preview/28c47876d5e7a2ca35138d748d7009ed1d3305cf?cid=7d579775eb7c4283b5e8a198fce27ec9,2,track,spotify:track:1m9psn7vXZCkPA5Mykloh8,https://open.spotify.com/track/1m9psn7vXZCkPA5Mykloh8,Taking The Long Way,D,major,D major
The Chicks,25IG9fa7cbdmCIy3OnuH57,2NeJdEWras0uSuzLPlJZk5,album,2006-05-23,2006,day,0.425,0.554,6,-4.145,1,0.0298,0.134,8.56e-5,0.0963,0.288,83.917,6LCEyZZHFF4ebF1Mike1s5,https://api.spotify.com/v1/audio-analysis/6LCEyZZHFF4ebF1Mike1s5,4,1,237296,FALSE,https://api.spotify.com/v1/tracks/6LCEyZZHFF4ebF1Mike1s5,FALSE,Not Ready to Make Nice,https://p.scdn.co/mp3-preview/48dd6ee93b20f328eca9f4613ce31508d687504c?cid=7d579775eb7c4283b5e8a198fce27ec9,3,track,spotify:track:6LCEyZZHFF4ebF1Mike1s5,https://open.spotify.com/track/6LCEyZZHFF4ebF1Mike1s5,Taking The Long Way,F#,major,F# major
The Chicks,25IG9fa7cbdmCIy3OnuH57,2NeJdEWras0uSuzLPlJZk5,album,2006-05-23,2006,day,0.652,0.822,9,-2.943,1,0.0311,0.237,0,0.0882,0.594,116.376,7lhMcWDg0NhBDpiGjsKFv2,https://api.spotify.com/v1/audio-analysis/7lhMcWDg0NhBDpiGjsKFv2,4,1,258168,FALSE,https://api.spotify.com/v1/tracks/7lhMcWDg0NhBDpiGjsKFv2,FALSE,Everybody Knows,https://p.scdn.co/mp3-preview/e79074483939c4005b019113d9b42585f7d13df1?cid=7d579775eb7c4283b5e8a198fce27ec9,4,track,spotify:track:7lhMcWDg0NhBDpiGjsKFv2,https://open.spotify.com/track/7lhMcWDg0NhBDpiGjsKFv2,Taking The Long Way,A,major,A major
The Chicks,25IG9fa7cbdmCIy3OnuH57,2NeJdEWras0uSuzLPlJZk5,album,2006-05-23,2006,day,0.305,0.487,2,-4.133,1,0.0305,0.195,1.47e-4,0.076,0.392,153.738,5MRjSqaWoxrWIqCUWsdaTV,https://api.spotify.com/v1/audio-analysis/5MRjSqaWoxrWIqCUWsdaTV,3,1,277741,FALSE,https://api.spotify.com/v1/tracks/5MRjSqaWoxrWIqCUWsdaTV,FALSE,Bitter End,https://p.scdn.co/mp3-preview/995cf0485b5b8565dd5909888b7b4d3bf6dc6635?cid=7d579775eb7c4283b5e8a198fce27ec9,5,track,spotify:track:5MRjSqaWoxrWIqCUWsdaTV,https://open.spotify.com/track/5MRjSqaWoxrWIqCUWsdaTV,Taking The Long Way,D,major,D major
The Chicks,25IG9fa7cbdmCIy3OnuH57,2NeJdEWras0uSuzLPlJZk5,album,2006-05-23,2006,day,0.55,0.205,0,-11.409,1,0.0279,0.762,0.00943,0.112,0.316,109.396,5GWyNA4n9hx5rhkK0KvQ83,https://api.spotify.com/v1/audio-analysis/5GWyNA4n9hx5rhkK0KvQ83,4,1,350712,FALSE,https://api.spotify.com/v1/tracks/5GWyNA4n9hx5rhkK0KvQ83,FALSE,Lullaby,https://p.scdn.co/mp3-preview/500e0d0b2443d41d320875f6d4423eb9482a1746?cid=7d579775eb7c4283b5e8a198fce27ec9,6,track,spotify:track:5GWyNA4n9hx5rhkK0KvQ83,https://open.spotify.com/track/5GWyNA4n9hx5rhkK0KvQ83,Taking The Long Way,C,major,C major
The Chicks,25IG9fa7cbdmCIy3OnuH57,2NeJdEWras0uSuzLPlJZk5,album,2006-05-23,2006,day,0.327,0.957,7,-2.49,1,0.0902,0.234,0.00845,0.306,0.606,182.706,3DLsyJ0RsORHNi9xf2BXqE,https://api.spotify.com/v1/audio-analysis/3DLsyJ0RsORHNi9xf2BXqE,4,1,233594,FALSE,https://api.spotify.com/v1/tracks/3DLsyJ0RsORHNi9xf2BXqE,FALSE,Lubbock or Leave It,https://p.scdn.co/mp3-preview/44f70746b483404eb3384a9859b0d6a6263a25f2?cid=7d579775eb7c4283b5e8a198fce27ec9,7,track,spotify:track:3DLsyJ0RsORHNi9xf2BXqE,https://open.spotify.com/track/3DLsyJ0RsORHNi9xf2BXqE,Taking The Long Way,G,major,G major
The Chicks,25IG9fa7cbdmCIy3OnuH57,2NeJdEWras0uSuzLPlJZk5,album,2006-05-23,2006,day,0.526,0.749,5,-4.132,1,0.0273,0.172,6.71e-6,0.426,0.512,75.234,6iiHgQtu8bvMGmZVNoNrqw,https://api.spotify.com/v1/audio-analysis/6iiHgQtu8bvMGmZVNoNrqw,4,1,323120,FALSE,https://api.spotify.com/v1/tracks/6iiHgQtu8bvMGmZVNoNrqw,FALSE,Silent House,https://p.scdn.co/mp3-preview/244dd7cc6e231dc35f37e481f95a54d3ac041c1d?cid=7d579775eb7c4283b5e8a198fce27ec9,8,track,spotify:track:6iiHgQtu8bvMGmZVNoNrqw,https://open.spotify.com/track/6iiHgQtu8bvMGmZVNoNrqw,Taking The Long Way,F,major,F major
The Chicks,25IG9fa7cbdmCIy3OnuH57,2NeJdEWras0uSuzLPlJZk5,album,2006-05-23,2006,day,0.534,0.664,9,-2.953,1,0.0267,0.438,2.36e-5,0.287,0.477,77.446,74ELSqXSzjOlUThn7PrYpR,https://api.spotify.com/v1/audio-analysis/74ELSqXSzjOlUThn7PrYpR,4,1,268386,FALSE,https://api.spotify.com/v1/tracks/74ELSqXSzjOlUThn7PrYpR,FALSE,Favorite Year,https://p.scdn.co/mp3-preview/96fd8727c25b460f07629e861011122c3ed8de0d?cid=7d579775eb7c4283b5e8a198fce27ec9,9,track,spotify:track:74ELSqXSzjOlUThn7PrYpR,https://open.spotify.com/track/74ELSqXSzjOlUThn7PrYpR,Taking The Long Way,A,major,A major
The Chicks,25IG9fa7cbdmCIy3OnuH57,2NeJdEWras0uSuzLPlJZk5,album,2006-05-23,2006,day,0.478,0.776,6,-2.64,1,0.0346,0.0249,2.38e-4,0.0683,0.367,112.04,1UmBzOxo2yvxnf1LffwBAo,https://api.spotify.com/v1/audio-analysis/1UmBzOxo2yvxnf1LffwBAo,4,1,351323,FALSE,https://api.spotify.com/v1/tracks/1UmBzOxo2yvxnf1LffwBAo,FALSE,Voice Inside My Head,https://p.scdn.co/mp3-preview/bef8af917285358f83b4e216f2374619af8c1338?cid=7d579775eb7c4283b5e8a198fce27ec9,10,track,spotify:track:1UmBzOxo2yvxnf1LffwBAo,https://open.spotify.com/track/1UmBzOxo2yvxnf1LffwBAo,Taking The Long Way,F#,major,F# major
The Chicks,25IG9fa7cbdmCIy3OnuH57,2NeJdEWras0uSuzLPlJZk5,album,2006-05-23,2006,day,0.596,0.847,0,-2.16,1,0.0371,0.0953,4.51e-5,0.131,0.771,105.801,0tDSipBySpCnoUH7dWlRPu,https://api.spotify.com/v1/audio-analysis/0tDSipBySpCnoUH7dWlRPu,4,1,273325,FALSE,https://api.spotify.com/v1/tracks/0tDSipBySpCnoUH7dWlRPu,FALSE,I Like It,https://p.scdn.co/mp3-preview/6c4d115f0a9a4d7f5edf0917cc3d0c52173af457?cid=7d579775eb7c4283b5e8a198fce27ec9,11,track,spotify:track:0tDSipBySpCnoUH7dWlRPu,https://open.spotify.com/track/0tDSipBySpCnoUH7dWlRPu,Taking The Long Way,C,major,C major
The Chicks,25IG9fa7cbdmCIy3OnuH57,2NeJdEWras0uSuzLPlJZk5,album,2006-05-23,2006,day,0.474,0.687,9,-2.841,1,0.0322,0.207,8.66e-4,0.152,0.255,74.523,3pGSmv6mC1DCb8NrvLkM1n,https://api.spotify.com/v1/audio-analysis/3pGSmv6mC1DCb8NrvLkM1n,4,1,302920,FALSE,https://api.spotify.com/v1/tracks/3pGSmv6mC1DCb8NrvLkM1n,FALSE,Baby Hold On,https://p.scdn.co/mp3-preview/a60c91604811db2a119accc37ad55172693b7da2?cid=7d579775eb7c4283b5e8a198fce27ec9,12,track,spotify:track:3pGSmv6mC1DCb8NrvLkM1n,https://open.spotify.com/track/3pGSmv6mC1DCb8NrvLkM1n,Taking The Long Way,A,major,A major
The Chicks,25IG9fa7cbdmCIy3OnuH57,2NeJdEWras0uSuzLPlJZk5,album,2006-05-23,2006,day,0.513,0.581,7,-2.698,1,0.0288,0.235,0,0.121,0.381,81.904,2HTr5KgGBxzA441AoWnpcA,https://api.spotify.com/v1/audio-analysis/2HTr5KgGBxzA441AoWnpcA,4,1,267886,FALSE,https://api.spotify.com/v1/tracks/2HTr5KgGBxzA441AoWnpcA,FALSE,So Hard,https://p.scdn.co/mp3-preview/92c4830924f97cea361de27a5bf82befafb0bbaa?cid=7d579775eb7c4283b5e8a198fce27ec9,13,track,spotify:track:2HTr5KgGBxzA441AoWnpcA,https://open.spotify.com/track/2HTr5KgGBxzA441AoWnpcA,Taking The Long Way,G,major,G major
The Chicks,25IG9fa7cbdmCIy3OnuH57,2NeJdEWras0uSuzLPlJZk5,album,2006-05-23,2006,day,0.714,0.461,10,-5.983,1,0.0376,0.366,1.03e-5,0.108,0.324,84.233,7JswZITgIOXyZKnxIsy5RK,https://api.spotify.com/v1/audio-analysis/7JswZITgIOXyZKnxIsy5RK,4,1,324692,FALSE,https://api.spotify.com/v1/tracks/7JswZITgIOXyZKnxIsy5RK,FALSE,I Hope,https://p.scdn.co/mp3-preview/1c488cd6c64051040621f853d024b4a27bb3521f?cid=7d579775eb7c4283b5e8a198fce27ec9,14,track,spotify:track:7JswZITgIOXyZKnxIsy5RK,https://open.spotify.com/track/7JswZITgIOXyZKnxIsy5RK,Taking The Long Way,A#,major,A# major
The Chicks,25IG9fa7cbdmCIy3OnuH57,7zC8Q5FAxjQPwdkBG2wQGu,album,2003-11-21,2003,day,0.555,0.844,0,-6.462,1,0.0419,0.0717,0,0.978,0.628,123.256,7aFC54xCpHPCCHXz3Ef6s3,https://api.spotify.com/v1/audio-analysis/7aFC54xCpHPCCHXz3Ef6s3,4,1,277013,FALSE,https://api.spotify.com/v1/tracks/7aFC54xCpHPCCHXz3Ef6s3,FALSE,Goodbye Earl - Live - 2003,https://p.scdn.co/mp3-preview/1f9d85329239fff5a56aa1071834cf299f989823?cid=7d579775eb7c4283b5e8a198fce27ec9,1,track,spotify:track:7aFC54xCpHPCCHXz3Ef6s3,https://open.spotify.com/track/7aFC54xCpHPCCHXz3Ef6s3,Top of the World Tour Live,C,major,C major
The Chicks,25IG9fa7cbdmCIy3OnuH57,7zC8Q5FAxjQPwdkBG2wQGu,album,2003-11-21,2003,day,0.517,0.983,4,-5.891,1,0.108,0.197,1.36e-4,0.955,0.662,165.934,7grAQIQjfF2ROP3JMzFCH1,https://api.spotify.com/v1/audio-analysis/7grAQIQjfF2ROP3JMzFCH1,4,1,159693,FALSE,https://api.spotify.com/v1/tracks/7grAQIQjfF2ROP3JMzFCH1,FALSE,Some Days You Gotta Dance - Live - 2003,https://p.scdn.co/mp3-preview/5317cee01442fa0a5440eef69f51c62471627eb6?cid=7d579775eb7c4283b5e8a198fce27ec9,2,track,spotify:track:7grAQIQjfF2ROP3JMzFCH1,https://open.spotify.com/track/7grAQIQjfF2ROP3JMzFCH1,Top of the World Tour Live,E,major,E major
The Chicks,25IG9fa7cbdmCIy3OnuH57,7zC8Q5FAxjQPwdkBG2wQGu,album,2003-11-21,2003,day,0.604,0.94,2,-5.795,1,0.0397,0.409,1.95e-5,0.957,0.571,126.937,2NUfuBzcKQNIgCkqEFCbKI,https://api.spotify.com/v1/audio-analysis/2NUfuBzcKQNIgCkqEFCbKI,4,1,201000,FALSE,https://api.spotify.com/v1/tracks/2NUfuBzcKQNIgCkqEFCbKI,FALSE,There's Your Trouble - Live - 2003,https://p.scdn.co/mp3-preview/5ea6e775d4e39eac772463ad958b875fa3da7689?cid=7d579775eb7c4283b5e8a198fce27ec9,3,track,spotify:track:2NUfuBzcKQNIgCkqEFCbKI,https://open.spotify.com/track/2NUfuBzcKQNIgCkqEFCbKI,Top of the World Tour Live,D,major,D major
The Chicks,25IG9fa7cbdmCIy3OnuH57,7zC8Q5FAxjQPwdkBG2wQGu,album,2003-11-21,2003,day,0.499,0.905,2,-5.251,1,0.039,0.24,0,0.962,0.808,169.979,2816kqFZt0aImo7HNU5svi,https://api.spotify.com/v1/audio-analysis/2816kqFZt0aImo7HNU5svi,4,1,250600,FALSE,https://api.spotify.com/v1/tracks/2816kqFZt0aImo7HNU5svi,FALSE,Long Time Gone - Live - 2003,https://p.scdn.co/mp3-preview/17f8a1a96420b82210e0d4a59a2edcd87ac4f603?cid=7d579775eb7c4283b5e8a198fce27ec9,4,track,spotify:track:2816kqFZt0aImo7HNU5svi,https://open.spotify.com/track/2816kqFZt0aImo7HNU5svi,Top of the World Tour Live,D,major,D major
The Chicks,25IG9fa7cbdmCIy3OnuH57,7zC8Q5FAxjQPwdkBG2wQGu,album,2003-11-21,2003,day,0.593,0.826,9,-5.508,1,0.0339,0.658,0.00598,0.96,0.714,123.914,1xRoyhkpLvYnF06XflsNmx,https://api.spotify.com/v1/audio-analysis/1xRoyhkpLvYnF06XflsNmx,4,1,224546,FALSE,https://api.spotify.com/v1/tracks/1xRoyhkpLvYnF06XflsNmx,FALSE,"Tortured, Tangled Hearts - Live - 2003",https://p.scdn.co/mp3-preview/99c0d90f7b7e3a402b611b8dac122df6b9454c48?cid=7d579775eb7c4283b5e8a198fce27ec9,5,track,spotify:track:1xRoyhkpLvYnF06XflsNmx,https://open.spotify.com/track/1xRoyhkpLvYnF06XflsNmx,Top of the World Tour Live,A,major,A major
The Chicks,25IG9fa7cbdmCIy3OnuH57,7zC8Q5FAxjQPwdkBG2wQGu,album,2003-11-21,2003,day,0.452,0.583,9,-6.635,1,0.0276,0.587,0,0.901,0.465,146.007,0KrVqrhFI23K9JNUS2q6fV,https://api.spotify.com/v1/audio-analysis/0KrVqrhFI23K9JNUS2q6fV,4,1,356706,FALSE,https://api.spotify.com/v1/tracks/0KrVqrhFI23K9JNUS2q6fV,FALSE,Travelin' Soldier - Live - 2003,https://p.scdn.co/mp3-preview/88232d8f023b4ab9c8a12ad4d06cc30dd134af0d?cid=7d579775eb7c4283b5e8a198fce27ec9,6,track,spotify:track:0KrVqrhFI23K9JNUS2q6fV,https://open.spotify.com/track/0KrVqrhFI23K9JNUS2q6fV,Top of the World Tour Live,A,major,A major
The Chicks,25IG9fa7cbdmCIy3OnuH57,7zC8Q5FAxjQPwdkBG2wQGu,album,2003-11-21,2003,day,0.498,0.81,0,-6.165,1,0.038,0.215,6.37e-6,0.964,0.492,131.872,4z6aRYtsSeeQoKIkecL0XQ,https://api.spotify.com/v1/audio-analysis/4z6aRYtsSeeQoKIkecL0XQ,4,1,211826,FALSE,https://api.spotify.com/v1/tracks/4z6aRYtsSeeQoKIkecL0XQ,FALSE,Am I the Only One (Who's Ever Felt This Way) - Live - 2003,https://p.scdn.co/mp3-preview/8852c0d8b8816ff8191fdce227b01f2e75338b6e?cid=7d579775eb7c4283b5e8a198fce27ec9,7,track,spotify:track:4z6aRYtsSeeQoKIkecL0XQ,https://open.spotify.com/track/4z6aRYtsSeeQoKIkecL0XQ,Top of the World Tour Live,C,major,C major
The Chicks,25IG9fa7cbdmCIy3OnuH57,7zC8Q5FAxjQPwdkBG2wQGu,album,2003-11-21,2003,day,0.529,0.788,0,-5.449,1,0.0338,0.222,0,0.989,0.695,109.939,3HRdwPOLdTkMEZqSHvBufK,https://api.spotify.com/v1/audio-analysis/3HRdwPOLdTkMEZqSHvBufK,4,1,239826,FALSE,https://api.spotify.com/v1/tracks/3HRdwPOLdTkMEZqSHvBufK,FALSE,Hello Mr. Heartache - Live - 2003,https://p.scdn.co/mp3-preview/0cab9670a1c0efd09d7bdf06021c0e6ad5028f9f?cid=7d579775eb7c4283b5e8a198fce27ec9,8,track,spotify:track:3HRdwPOLdTkMEZqSHvBufK,https://open.spotify.com/track/3HRdwPOLdTkMEZqSHvBufK,Top of the World Tour Live,C,major,C major
The Chicks,25IG9fa7cbdmCIy3OnuH57,7zC8Q5FAxjQPwdkBG2wQGu,album,2003-11-21,2003,day,0.409,0.613,7,-5.176,1,0.0312,0.404,1.27e-5,0.954,0.348,133.909,7l4vyLUzY90sjwuVIyPLQJ,https://api.spotify.com/v1/audio-analysis/7l4vyLUzY90sjwuVIyPLQJ,4,1,291386,FALSE,https://api.spotify.com/v1/tracks/7l4vyLUzY90sjwuVIyPLQJ,FALSE,Cold Day in July - Live - 2003,https://p.scdn.co/mp3-preview/248baf4aeb188200c7c3cd67d72577d418ee7ff2?cid=7d579775eb7c4283b5e8a198fce27ec9,9,track,spotify:track:7l4vyLUzY90sjwuVIyPLQJ,https://open.spotify.com/track/7l4vyLUzY90sjwuVIyPLQJ,Top of the World Tour Live,G,major,G major
The Chicks,25IG9fa7cbdmCIy3OnuH57,7zC8Q5FAxjQPwdkBG2wQGu,album,2003-11-21,2003,day,0.472,0.944,5,-5.055,1,0.0796,0.495,0.0176,0.984,0.536,159.877,7gKq7VeZVkvC4EXrT6yDXm,https://api.spotify.com/v1/audio-analysis/7gKq7VeZVkvC4EXrT6yDXm,4,1,153893,FALSE,https://api.spotify.com/v1/tracks/7gKq7VeZVkvC4EXrT6yDXm,FALSE,White Trash Wedding - Live - 2003,https://p.scdn.co/mp3-preview/4099eb67f5ab48e62b27a3dc6acee8a0f4f4607a?cid=7d579775eb7c4283b5e8a198fce27ec9,10,track,spotify:track:7gKq7VeZVkvC4EXrT6yDXm,https://open.spotify.com/track/7gKq7VeZVkvC4EXrT6yDXm,Top of the World Tour Live,F,major,F major
The Chicks,25IG9fa7cbdmCIy3OnuH57,7zC8Q5FAxjQPwdkBG2wQGu,album,2003-11-21,2003,day,0.493,0.907,2,-5.124,1,0.0396,0.586,0.927,0.946,0.932,147.996,55CUSpSfuOZqer5jWIfq9b,https://api.spotify.com/v1/audio-analysis/55CUSpSfuOZqer5jWIfq9b,4,1,160306,FALSE,https://api.spotify.com/v1/tracks/55CUSpSfuOZqer5jWIfq9b,FALSE,Lil' Jack Slade - Live - 2003,https://p.scdn.co/mp3-preview/1e62060b3b18cbc3b66e0da532e5025f731c2620?cid=7d579775eb7c4283b5e8a198fce27ec9,11,track,spotify:track:55CUSpSfuOZqer5jWIfq9b,https://open.spotify.com/track/55CUSpSfuOZqer5jWIfq9b,Top of the World Tour Live,D,major,D major
The Chicks,25IG9fa7cbdmCIy3OnuH57,7zC8Q5FAxjQPwdkBG2wQGu,album,2003-11-21,2003,day,0.453,0.375,5,-8.433,1,0.0286,0.836,1.79e-6,0.977,0.181,147.616,2xmcheFRzHr6IBKaGNOLdz,https://api.spotify.com/v1/audio-analysis/2xmcheFRzHr6IBKaGNOLdz,4,2,348320,FALSE,https://api.spotify.com/v1/tracks/2xmcheFRzHr6IBKaGNOLdz,FALSE,A Home - Live - 2003,https://p.scdn.co/mp3-preview/5ce3d2f9f275ed352da82f4da71be2d18377bb39?cid=7d579775eb7c4283b5e8a198fce27ec9,1,track,spotify:track:2xmcheFRzHr6IBKaGNOLdz,https://open.spotify.com/track/2xmcheFRzHr6IBKaGNOLdz,Top of the World Tour Live,F,major,F major
The Chicks,25IG9fa7cbdmCIy3OnuH57,7zC8Q5FAxjQPwdkBG2wQGu,album,2003-11-21,2003,day,0.431,0.8,0,-6.467,1,0.0467,0.455,8.34e-6,0.909,0.56,177.813,1Qcr99eW5pK0qMapJAy1en,https://api.spotify.com/v1/audio-analysis/1Qcr99eW5pK0qMapJAy1en,4,2,313706,FALSE,https://api.spotify.com/v1/tracks/1Qcr99eW5pK0qMapJAy1en,FALSE,Truth No. 2 - Live - 2003,https://p.scdn.co/mp3-preview/2bca4adac7357af18d9f55909fcff24e8178cd6a?cid=7d579775eb7c4283b5e8a198fce27ec9,2,track,spotify:track:1Qcr99eW5pK0qMapJAy1en,https://open.spotify.com/track/1Qcr99eW5pK0qMapJAy1en,Top of the World Tour Live,C,major,C major
The Chicks,25IG9fa7cbdmCIy3OnuH57,7zC8Q5FAxjQPwdkBG2wQGu,album,2003-11-21,2003,day,0.591,0.878,3,-6.234,1,0.0428,0.123,0,0.976,0.561,123.608,6qOfZi7vkYZg6KD6Vc4kMZ,https://api.spotify.com/v1/audio-analysis/6qOfZi7vkYZg6KD6Vc4kMZ,4,2,185240,FALSE,https://api.spotify.com/v1/tracks/6qOfZi7vkYZg6KD6Vc4kMZ,FALSE,If I Fall You're Going Down with Me - Live - 2003,https://p.scdn.co/mp3-preview/0d47e24760c6f07bf43a7762b67c224c23365a16?cid=7d579775eb7c4283b5e8a198fce27ec9,3,track,spotify:track:6qOfZi7vkYZg6KD6Vc4kMZ,https://open.spotify.com/track/6qOfZi7vkYZg6KD6Vc4kMZ,Top of the World Tour Live,D#,major,D# major
The Chicks,25IG9fa7cbdmCIy3OnuH57,7zC8Q5FAxjQPwdkBG2wQGu,album,2003-11-21,2003,day,0.583,0.911,2,-5.704,1,0.0449,0.227,0,0.975,0.7,125.99,7FM1gEbKCAQPZQdbdxc1Ik,https://api.spotify.com/v1/audio-analysis/7FM1gEbKCAQPZQdbdxc1Ik,4,2,314760,FALSE,https://api.spotify.com/v1/tracks/7FM1gEbKCAQPZQdbdxc1Ik,FALSE,Mississippi - Live - 2003,https://p.scdn.co/mp3-preview/b0cee5336326bb0fbffb35260038de07499f78a4?cid=7d579775eb7c4283b5e8a198fce27ec9,4,track,spotify:track:7FM1gEbKCAQPZQdbdxc1Ik,https://open.spotify.com/track/7FM1gEbKCAQPZQdbdxc1Ik,Top of the World Tour Live,D,major,D major
The Chicks,25IG9fa7cbdmCIy3OnuH57,7zC8Q5FAxjQPwdkBG2wQGu,album,2003-11-21,2003,day,0.398,0.681,6,-6.463,1,0.0364,0.506,3.74e-5,0.974,0.453,81.403,0NApDahBRC3VIOjbDoCDvW,https://api.spotify.com/v1/audio-analysis/0NApDahBRC3VIOjbDoCDvW,4,2,298133,FALSE,https://api.spotify.com/v1/tracks/0NApDahBRC3VIOjbDoCDvW,FALSE,Cowboy Take Me Away - Live - 2003,https://p.scdn.co/mp3-preview/8cf937c7c5523cb1c9cb4d49702a93d103b59f68?cid=7d579775eb7c4283b5e8a198fce27ec9,5,track,spotify:track:0NApDahBRC3VIOjbDoCDvW,https://open.spotify.com/track/0NApDahBRC3VIOjbDoCDvW,Top of the World Tour Live,F#,major,F# major
The Chicks,25IG9fa7cbdmCIy3OnuH57,7zC8Q5FAxjQPwdkBG2wQGu,album,2003-11-21,2003,day,0.502,0.259,9,-9.119,1,0.028,0.794,2.94e-4,0.817,0.072,89.907,7wbQc0qsrcqF8B2vi0mjzN,https://api.spotify.com/v1/audio-analysis/7wbQc0qsrcqF8B2vi0mjzN,4,2,281320,FALSE,https://api.spotify.com/v1/tracks/7wbQc0qsrcqF8B2vi0mjzN,FALSE,Godspeed (Sweet Dreams) - Live - 2003,https://p.scdn.co/mp3-preview/a3e747b582b4438b9d4a03964462b27a9bc73adc?cid=7d579775eb7c4283b5e8a198fce27ec9,6,track,spotify:track:7wbQc0qsrcqF8B2vi0mjzN,https://open.spotify.com/track/7wbQc0qsrcqF8B2vi0mjzN,Top of the World Tour Live,A,major,A major
The Chicks,25IG9fa7cbdmCIy3OnuH57,7zC8Q5FAxjQPwdkBG2wQGu,album,2003-11-21,2003,day,0.472,0.706,2,-6.172,1,0.0326,0.462,1.04e-4,0.973,0.22,146.038,4C6y4YCzK6dEzd4GCl7JY7,https://api.spotify.com/v1/audio-analysis/4C6y4YCzK6dEzd4GCl7JY7,4,2,241840,FALSE,https://api.spotify.com/v1/tracks/4C6y4YCzK6dEzd4GCl7JY7,FALSE,Landslide - Live - 2003,https://p.scdn.co/mp3-preview/1dd99a8eda44ea6af32001a748deaca2fc311c51?cid=7d579775eb7c4283b5e8a198fce27ec9,7,track,spotify:track:4C6y4YCzK6dEzd4GCl7JY7,https://open.spotify.com/track/4C6y4YCzK6dEzd4GCl7JY7,Top of the World Tour Live,D,major,D major
The Chicks,25IG9fa7cbdmCIy3OnuH57,7zC8Q5FAxjQPwdkBG2wQGu,album,2003-11-21,2003,day,0.467,0.829,7,-5.702,1,0.041,0.59,1.6e-4,0.968,0.379,98.93,7wzXlKNSYuLwd05Jz9SaYm,https://api.spotify.com/v1/audio-analysis/7wzXlKNSYuLwd05Jz9SaYm,4,2,270320,FALSE,https://api.spotify.com/v1/tracks/7wzXlKNSYuLwd05Jz9SaYm,FALSE,Ready to Run - Live - 2003,https://p.scdn.co/mp3-preview/04792fd8e96d5f105aa86b3af1cf81400880a403?cid=7d579775eb7c4283b5e8a198fce27ec9,8,track,spotify:track:7wzXlKNSYuLwd05Jz9SaYm,https://open.spotify.com/track/7wzXlKNSYuLwd05Jz9SaYm,Top of the World Tour Live,G,major,G major
The Chicks,25IG9fa7cbdmCIy3OnuH57,7zC8Q5FAxjQPwdkBG2wQGu,album,2003-11-21,2003,day,0.46,0.838,4,-6.219,1,0.0489,0.564,1.28e-4,0.96,0.449,89.98,28codLcsqWN5P78dqUgTvw,https://api.spotify.com/v1/audio-analysis/28codLcsqWN5P78dqUgTvw,4,2,342720,FALSE,https://api.spotify.com/v1/tracks/28codLcsqWN5P78dqUgTvw,FALSE,Wide Open Spaces - Live - 2003,https://p.scdn.co/mp3-preview/407ddb3a8af85f870a381bc747ba59a5c295f940?cid=7d579775eb7c4283b5e8a198fce27ec9,9,track,spotify:track:28codLcsqWN5P78dqUgTvw,https://open.spotify.com/track/28codLcsqWN5P78dqUgTvw,Top of the World Tour Live,E,major,E major
The Chicks,25IG9fa7cbdmCIy3OnuH57,7zC8Q5FAxjQPwdkBG2wQGu,album,2003-11-21,2003,day,0.472,0.357,1,-7.891,0,0.0253,0.607,1.78e-6,0.401,0.0768,92.009,6Cedj7OLv1PcuXLwdimPbl,https://api.spotify.com/v1/audio-analysis/6Cedj7OLv1PcuXLwdimPbl,4,2,385226,FALSE,https://api.spotify.com/v1/tracks/6Cedj7OLv1PcuXLwdimPbl,FALSE,Top of the World - Live - 2003,https://p.scdn.co/mp3-preview/47f0d29f71d5a8e4bad29458197bd6cd7bde5bf3?cid=7d579775eb7c4283b5e8a198fce27ec9,10,track,spotify:track:6Cedj7OLv1PcuXLwdimPbl,https://open.spotify.com/track/6Cedj7OLv1PcuXLwdimPbl,Top of the World Tour Live,C#,minor,C# minor
The Chicks,25IG9fa7cbdmCIy3OnuH57,7zC8Q5FAxjQPwdkBG2wQGu,album,2003-11-21,2003,day,0.492,0.989,10,-4.147,1,0.126,0.427,0.00913,0.924,0.471,143.94,3d0OdHaRalqMEtjashpSmD,https://api.spotify.com/v1/audio-analysis/3d0OdHaRalqMEtjashpSmD,4,2,274760,FALSE,https://api.spotify.com/v1/tracks/3d0OdHaRalqMEtjashpSmD,FALSE,Sin Wagon - Live - 2003,https://p.scdn.co/mp3-preview/29d86f95a266a6b58e5df91ff0ca51e3f2dba127?cid=7d579775eb7c4283b5e8a198fce27ec9,11,track,spotify:track:3d0OdHaRalqMEtjashpSmD,https://open.spotify.com/track/3d0OdHaRalqMEtjashpSmD,Top of the World Tour Live,A#,major,A# major
The Chicks,25IG9fa7cbdmCIy3OnuH57,1zgQkZFMRqx1Lz9GVXghLt,album,2002-08-27,2002,day,0.549,0.693,2,-5.572,1,0.0311,0.18,1.75e-6,0.153,0.819,170.241,0JiX8NsRdCHm8GliFuf97V,https://api.spotify.com/v1/audio-analysis/0JiX8NsRdCHm8GliFuf97V,4,1,249412,FALSE,https://api.spotify.com/v1/tracks/0JiX8NsRdCHm8GliFuf97V,FALSE,Long Time Gone,https://p.scdn.co/mp3-preview/2f5a33399e9520b97d577db2cd14846661fa5a20?cid=7d579775eb7c4283b5e8a198fce27ec9,1,track,spotify:track:0JiX8NsRdCHm8GliFuf97V,https://open.spotify.com/track/0JiX8NsRdCHm8GliFuf97V,Home,D,major,D major
The Chicks,25IG9fa7cbdmCIy3OnuH57,1zgQkZFMRqx1Lz9GVXghLt,album,2002-08-27,2002,day,0.571,0.438,2,-7.007,1,0.0279,0.534,1.56e-5,0.187,0.444,145.948,5hviCr3lgg6LY6noG6DPKs,https://api.spotify.com/v1/audio-analysis/5hviCr3lgg6LY6noG6DPKs,4,1,230549,FALSE,https://api.spotify.com/v1/tracks/5hviCr3lgg6LY6noG6DPKs,FALSE,Landslide,https://p.scdn.co/mp3-preview/af6df8a2e82e315c888639d711f7493c19406b14?cid=7d579775eb7c4283b5e8a198fce27ec9,2,track,spotify:track:5hviCr3lgg6LY6noG6DPKs,https://open.spotify.com/track/5hviCr3lgg6LY6noG6DPKs,Home,D,major,D major
The Chicks,25IG9fa7cbdmCIy3OnuH57,1zgQkZFMRqx1Lz9GVXghLt,album,2002-08-27,2002,day,0.569,0.365,9,-7.047,1,0.0265,0.691,0,0.17,0.508,145.859,0AkZjWYCMJ8wWiNex7LmkY,https://api.spotify.com/v1/audio-analysis/0AkZjWYCMJ8wWiNex7LmkY,4,1,343496,FALSE,https://api.spotify.com/v1/tracks/0AkZjWYCMJ8wWiNex7LmkY,FALSE,Travelin' Soldier,https://p.scdn.co/mp3-preview/540166459142d6986b68d137f18001236052da4f?cid=7d579775eb7c4283b5e8a198fce27ec9,3,track,spotify:track:0AkZjWYCMJ8wWiNex7LmkY,https://open.spotify.com/track/0AkZjWYCMJ8wWiNex7LmkY,Home,A,major,A major
The Chicks,25IG9fa7cbdmCIy3OnuH57,1zgQkZFMRqx1Lz9GVXghLt,album,2002-08-27,2002,day,0.499,0.625,0,-5.927,1,0.0292,0.313,7.02e-6,0.16,0.594,179.832,0IEHa6zoxOfQx7jDpcYQ1l,https://api.spotify.com/v1/audio-analysis/0IEHa6zoxOfQx7jDpcYQ1l,4,1,268800,FALSE,https://api.spotify.com/v1/tracks/0IEHa6zoxOfQx7jDpcYQ1l,FALSE,Truth No. 2,https://p.scdn.co/mp3-preview/519f3ad13355bcd36088fcb8bec3c093d57a0ede?cid=7d579775eb7c4283b5e8a198fce27ec9,4,track,spotify:track:0IEHa6zoxOfQx7jDpcYQ1l,https://open.spotify.com/track/0IEHa6zoxOfQx7jDpcYQ1l,Home,C,major,C major
The Chicks,25IG9fa7cbdmCIy3OnuH57,1zgQkZFMRqx1Lz9GVXghLt,album,2002-08-27,2002,day,0.56,0.754,5,-5.779,1,0.0578,0.177,0.0029,0.0424,0.329,161.965,18VxeyQdMQQG3FaY2I8A04,https://api.spotify.com/v1/audio-analysis/18VxeyQdMQQG3FaY2I8A04,4,1,141282,FALSE,https://api.spotify.com/v1/tracks/18VxeyQdMQQG3FaY2I8A04,FALSE,White Trash Wedding,https://p.scdn.co/mp3-preview/e368cb9d4946554f9d0da2671f26799e9120bfff?cid=7d579775eb7c4283b5e8a198fce27ec9,5,track,spotify:track:18VxeyQdMQQG3FaY2I8A04,https://open.spotify.com/track/18VxeyQdMQQG3FaY2I8A04,Home,F,major,F major
The Chicks,25IG9fa7cbdmCIy3OnuH57,1zgQkZFMRqx1Lz9GVXghLt,album,2002-08-27,2002,day,0.497,0.266,5,-8.871,1,0.0282,0.752,0,0.128,0.224,147.738,5qjjDvyobtDUUU4VDbQbec,https://api.spotify.com/v1/audio-analysis/5qjjDvyobtDUUU4VDbQbec,4,1,296891,FALSE,https://api.spotify.com/v1/tracks/5qjjDvyobtDUUU4VDbQbec,FALSE,A Home,https://p.scdn.co/mp3-preview/24dff88477cb5f542f05779fdb1618a2fbaeac25?cid=7d579775eb7c4283b5e8a198fce27ec9,6,track,spotify:track:5qjjDvyobtDUUU4VDbQbec,https://open.spotify.com/track/5qjjDvyobtDUUU4VDbQbec,Home,F,major,F major
The Chicks,25IG9fa7cbdmCIy3OnuH57,1zgQkZFMRqx1Lz9GVXghLt,album,2002-08-27,2002,day,0.481,0.361,11,-6.777,1,0.0262,0.0751,0,0.237,0.453,129.974,1FugsI82rYOYyvvTQDBO81,https://api.spotify.com/v1/audio-analysis/1FugsI82rYOYyvvTQDBO81,3,1,306984,FALSE,https://api.spotify.com/v1/tracks/1FugsI82rYOYyvvTQDBO81,FALSE,More Love,https://p.scdn.co/mp3-preview/ad38e7416bbeeeefb9724affed9029c07a6788b4?cid=7d579775eb7c4283b5e8a198fce27ec9,7,track,spotify:track:1FugsI82rYOYyvvTQDBO81,https://open.spotify.com/track/1FugsI82rYOYyvvTQDBO81,Home,B,major,B major
The Chicks,25IG9fa7cbdmCIy3OnuH57,1zgQkZFMRqx1Lz9GVXghLt,album,2002-08-27,2002,day,0.503,0.242,0,-8.743,1,0.028,0.658,2.07e-6,0.36,0.333,75.943,6bRT1zoCrrdimCPlAXqi42,https://api.spotify.com/v1/audio-analysis/6bRT1zoCrrdimCPlAXqi42,4,1,254052,FALSE,https://api.spotify.com/v1/tracks/6bRT1zoCrrdimCPlAXqi42,FALSE,I Believe in Love,https://p.scdn.co/mp3-preview/bdf4b96f26e366c6467a9287c1b7f37f7e5495ac?cid=7d579775eb7c4283b5e8a198fce27ec9,8,track,spotify:track:6bRT1zoCrrdimCPlAXqi42,https://open.spotify.com/track/6bRT1zoCrrdimCPlAXqi42,Home,C,major,C major
The Chicks,25IG9fa7cbdmCIy3OnuH57,1zgQkZFMRqx1Lz9GVXghLt,album,2002-08-27,2002,day,0.616,0.724,9,-6.248,1,0.0284,0.46,8.85e-6,0.388,0.713,123.996,1DtQWgLprt0aNPKYymhVCy,https://api.spotify.com/v1/audio-analysis/1DtQWgLprt0aNPKYymhVCy,4,1,220855,FALSE,https://api.spotify.com/v1/tracks/1DtQWgLprt0aNPKYymhVCy,FALSE,"Tortured, Tangled Hearts",https://p.scdn.co/mp3-preview/1c8e3dec2e1e98623c163db71dcc80bccb18a4cd?cid=7d579775eb7c4283b5e8a198fce27ec9,9,track,spotify:track:1DtQWgLprt0aNPKYymhVCy,https://open.spotify.com/track/1DtQWgLprt0aNPKYymhVCy,Home,A,major,A major
The Chicks,25IG9fa7cbdmCIy3OnuH57,1zgQkZFMRqx1Lz9GVXghLt,album,2002-08-27,2002,day,0.475,0.798,2,-6.309,1,0.0318,0.0674,0.798,0.222,0.871,148.137,2lSUGI2s9EjbA93nahmpsL,https://api.spotify.com/v1/audio-analysis/2lSUGI2s9EjbA93nahmpsL,4,1,143931,FALSE,https://api.spotify.com/v1/tracks/2lSUGI2s9EjbA93nahmpsL,FALSE,Lil' Jack Slade,https://p.scdn.co/mp3-preview/dcadf47067a84c3bbd8ee33ce65f186c6fe383f9?cid=7d579775eb7c4283b5e8a198fce27ec9,10,track,spotify:track:2lSUGI2s9EjbA93nahmpsL,https://open.spotify.com/track/2lSUGI2s9EjbA93nahmpsL,Home,D,major,D major
The Chicks,25IG9fa7cbdmCIy3OnuH57,1zgQkZFMRqx1Lz9GVXghLt,album,2002-08-27,2002,day,0.436,0.115,9,-13.627,1,0.0316,0.829,1.65e-4,0.112,0.14,181.959,1zpIpaDCv77z6zN2fHNTW9,https://api.spotify.com/v1/audio-analysis/1zpIpaDCv77z6zN2fHNTW9,3,1,282390,FALSE,https://api.spotify.com/v1/tracks/1zpIpaDCv77z6zN2fHNTW9,FALSE,Godspeed (Sweet Dreams),https://p.scdn.co/mp3-preview/f7a26a9bd14acbf7ff54373d32460b3d9fa82f28?cid=7d579775eb7c4283b5e8a198fce27ec9,11,track,spotify:track:1zpIpaDCv77z6zN2fHNTW9,https://open.spotify.com/track/1zpIpaDCv77z6zN2fHNTW9,Home,A,major,A major
The Chicks,25IG9fa7cbdmCIy3OnuH57,1zgQkZFMRqx1Lz9GVXghLt,album,2002-08-27,2002,day,0.573,0.314,1,-7.817,0,0.0284,0.302,2.15e-6,0.306,0.117,92.087,0agOh4F8PiHH5NtTwtumYY,https://api.spotify.com/v1/audio-analysis/0agOh4F8PiHH5NtTwtumYY,4,1,363465,FALSE,https://api.spotify.com/v1/tracks/0agOh4F8PiHH5NtTwtumYY,FALSE,Top of the World,https://p.scdn.co/mp3-preview/9533c36a0fe45ca29cd7cb2f4c8183dc638b5ae8?cid=7d579775eb7c4283b5e8a198fce27ec9,12,track,spotify:track:0agOh4F8PiHH5NtTwtumYY,https://open.spotify.com/track/0agOh4F8PiHH5NtTwtumYY,Home,C#,minor,C# minor
The Chicks,25IG9fa7cbdmCIy3OnuH57,3y6G5El2I6QrJA9BdfAbqA,album,1999-08-27,1999,day,0.644,0.644,7,-7.542,1,0.0305,0.245,8.3e-4,0.27,0.293,98.746,7yNTZj1ugKCeRJdSP1meOk,https://api.spotify.com/v1/audio-analysis/7yNTZj1ugKCeRJdSP1meOk,4,1,231293,FALSE,https://api.spotify.com/v1/tracks/7yNTZj1ugKCeRJdSP1meOk,FALSE,Ready to Run,https://p.scdn.co/mp3-preview/4714e0ec545f5eefa790706dc26c042d9b439fa3?cid=7d579775eb7c4283b5e8a198fce27ec9,1,track,spotify:track:7yNTZj1ugKCeRJdSP1meOk,https://open.spotify.com/track/7yNTZj1ugKCeRJdSP1meOk,Fly,G,major,G major
The Chicks,25IG9fa7cbdmCIy3OnuH57,3y6G5El2I6QrJA9BdfAbqA,album,1999-08-27,1999,day,0.722,0.81,8,-7.463,1,0.0336,0.119,7.13e-6,0.377,0.561,123.272,2MMZ1Llts0rTaU834P2Xct,https://api.spotify.com/v1/audio-analysis/2MMZ1Llts0rTaU834P2Xct,4,1,183200,FALSE,https://api.spotify.com/v1/tracks/2MMZ1Llts0rTaU834P2Xct,FALSE,If I Fall You're Going Down with Me,https://p.scdn.co/mp3-preview/3bbaeb84c6ff012b51e104e498b6bf67e8641580?cid=7d579775eb7c4283b5e8a198fce27ec9,2,track,spotify:track:2MMZ1Llts0rTaU834P2Xct,https://open.spotify.com/track/2MMZ1Llts0rTaU834P2Xct,Fly,G#,major,G# major
The Chicks,25IG9fa7cbdmCIy3OnuH57,3y6G5El2I6QrJA9BdfAbqA,album,1999-08-27,1999,day,0.467,0.622,6,-7.255,1,0.031,0.365,0.00527,0.0982,0.455,164.418,3rXCZRMiMZp0feGcYXpwYX,https://api.spotify.com/v1/audio-analysis/3rXCZRMiMZp0feGcYXpwYX,4,1,287266,FALSE,https://api.spotify.com/v1/tracks/3rXCZRMiMZp0feGcYXpwYX,FALSE,Cowboy Take Me Away,https://p.scdn.co/mp3-preview/cc237b987e1e9c335aebdb07be4358af6a55f258?cid=7d579775eb7c4283b5e8a198fce27ec9,3,track,spotify:track:3rXCZRMiMZp0feGcYXpwYX,https://open.spotify.com/track/3rXCZRMiMZp0feGcYXpwYX,Fly,F#,major,F# major
The Chicks,25IG9fa7cbdmCIy3OnuH57,3y6G5El2I6QrJA9BdfAbqA,album,1999-08-27,1999,day,0.574,0.368,7,-10.644,1,0.0271,0.0163,2.12e-5,0.0746,0.296,129.457,2dtitppHZmA0MxLZ3Giq3o,https://api.spotify.com/v1/audio-analysis/2dtitppHZmA0MxLZ3Giq3o,4,1,312693,FALSE,https://api.spotify.com/v1/tracks/2dtitppHZmA0MxLZ3Giq3o,FALSE,Cold Day in July,https://p.scdn.co/mp3-preview/d9ee9d2cc9ec385cb20e61e9aa392db0f9ee4b65?cid=7d579775eb7c4283b5e8a198fce27ec9,4,track,spotify:track:2dtitppHZmA0MxLZ3Giq3o,https://open.spotify.com/track/2dtitppHZmA0MxLZ3Giq3o,Fly,G,major,G major
The Chicks,25IG9fa7cbdmCIy3OnuH57,3y6G5El2I6QrJA9BdfAbqA,album,1999-08-27,1999,day,0.705,0.7,0,-7.38,1,0.0295,0.0192,0,0.0755,0.765,122.841,7rqaqQurHzR5xHAhdm1gmM,https://api.spotify.com/v1/audio-analysis/7rqaqQurHzR5xHAhdm1gmM,4,1,258640,FALSE,https://api.spotify.com/v1/tracks/7rqaqQurHzR5xHAhdm1gmM,FALSE,Goodbye Earl,https://p.scdn.co/mp3-preview/1bcb22cd080af516321084e696a50653bce0c671?cid=7d579775eb7c4283b5e8a198fce27ec9,5,track,spotify:track:7rqaqQurHzR5xHAhdm1gmM,https://open.spotify.com/track/7rqaqQurHzR5xHAhdm1gmM,Fly,C,major,C major
The Chicks,25IG9fa7cbdmCIy3OnuH57,3y6G5El2I6QrJA9BdfAbqA,album,1999-08-27,1999,day,0.684,0.6,0,-7.782,1,0.0256,0.00429,0,0.364,0.862,109.979,4GuMdwLD8vYsv1j50F8LcK,https://api.spotify.com/v1/audio-analysis/4GuMdwLD8vYsv1j50F8LcK,4,1,229240,FALSE,https://api.spotify.com/v1/tracks/4GuMdwLD8vYsv1j50F8LcK,FALSE,Hello Mr. Heartache,https://p.scdn.co/mp3-preview/5d5108036748be5cd100fe1db3a09757fdf7ed29?cid=7d579775eb7c4283b5e8a198fce27ec9,6,track,spotify:track:4GuMdwLD8vYsv1j50F8LcK,https://open.spotify.com/track/4GuMdwLD8vYsv1j50F8LcK,Fly,C,major,C major
The Chicks,25IG9fa7cbdmCIy3OnuH57,3y6G5El2I6QrJA9BdfAbqA,album,1999-08-27,1999,day,0.571,0.32,4,-9.518,1,0.0244,0.246,0,0.132,0.598,85.743,3ikcT8s3oLYrqRWVV1V0X9,https://api.spotify.com/v1/audio-analysis/3ikcT8s3oLYrqRWVV1V0X9,4,1,167360,FALSE,https://api.spotify.com/v1/tracks/3ikcT8s3oLYrqRWVV1V0X9,FALSE,Don't Waste Your Heart,https://p.scdn.co/mp3-preview/0e77b626d5e4b82f0c67b5e72139558451a74681?cid=7d579775eb7c4283b5e8a198fce27ec9,7,track,spotify:track:3ikcT8s3oLYrqRWVV1V0X9,https://open.spotify.com/track/3ikcT8s3oLYrqRWVV1V0X9,Fly,E,major,E major
The Chicks,25IG9fa7cbdmCIy3OnuH57,3y6G5El2I6QrJA9BdfAbqA,album,1999-08-27,1999,day,0.598,0.936,10,-6.313,1,0.0354,0.00522,0.0178,0.219,0.898,144.059,5aUoUiLkJ0aUhNZtF2RdQK,https://api.spotify.com/v1/audio-analysis/5aUoUiLkJ0aUhNZtF2RdQK,4,1,217693,FALSE,https://api.spotify.com/v1/tracks/5aUoUiLkJ0aUhNZtF2RdQK,FALSE,Sin Wagon,https://p.scdn.co/mp3-preview/305f19d82baa5d8d92b5a22e09b1265f267a57ba?cid=7d579775eb7c4283b5e8a198fce27ec9,8,track,spotify:track:5aUoUiLkJ0aUhNZtF2RdQK,https://open.spotify.com/track/5aUoUiLkJ0aUhNZtF2RdQK,Fly,A#,major,A# major
The Chicks,25IG9fa7cbdmCIy3OnuH57,3y6G5El2I6QrJA9BdfAbqA,album,1999-08-27,1999,day,0.626,0.424,2,-8.952,1,0.0253,0.313,1.26e-5,0.134,0.173,91.812,5ucNGmVbZo3ZdUe1gpTgbF,https://api.spotify.com/v1/audio-analysis/5ucNGmVbZo3ZdUe1gpTgbF,4,1,210533,FALSE,https://api.spotify.com/v1/tracks/5ucNGmVbZo3ZdUe1gpTgbF,FALSE,Without You,https://p.scdn.co/mp3-preview/0eac3182fdb00c6c70f1e30eedcf97473f03b3be?cid=7d579775eb7c4283b5e8a198fce27ec9,9,track,spotify:track:5ucNGmVbZo3ZdUe1gpTgbF,https://open.spotify.com/track/5ucNGmVbZo3ZdUe1gpTgbF,Fly,D,major,D major
The Chicks,25IG9fa7cbdmCIy3OnuH57,3y6G5El2I6QrJA9BdfAbqA,album,1999-08-27,1999,day,0.626,0.903,4,-8.072,1,0.0694,0.307,7e-4,0.0383,0.909,170.229,3dQVhh2jNpnLKqJyGiFPmP,https://api.spotify.com/v1/audio-analysis/3dQVhh2jNpnLKqJyGiFPmP,4,1,147933,FALSE,https://api.spotify.com/v1/tracks/3dQVhh2jNpnLKqJyGiFPmP,FALSE,Some Days You Gotta Dance,https://p.scdn.co/mp3-preview/b555a1648218bed62e85a6923b39345d76ce356e?cid=7d579775eb7c4283b5e8a198fce27ec9,10,track,spotify:track:3dQVhh2jNpnLKqJyGiFPmP,https://open.spotify.com/track/3dQVhh2jNpnLKqJyGiFPmP,Fly,E,major,E major
The Chicks,25IG9fa7cbdmCIy3OnuH57,3y6G5El2I6QrJA9BdfAbqA,album,1999-08-27,1999,day,0.602,0.87,2,-6.878,1,0.0514,0.151,0,0.0655,0.9,153.448,6wxVOknGabpV763hFCIkV8,https://api.spotify.com/v1/audio-analysis/6wxVOknGabpV763hFCIkV8,4,1,201160,FALSE,https://api.spotify.com/v1/tracks/6wxVOknGabpV763hFCIkV8,FALSE,Hole in My Head,https://p.scdn.co/mp3-preview/45fe7a4783f1a04eff0c0502cdeec10d2efb38a2?cid=7d579775eb7c4283b5e8a198fce27ec9,11,track,spotify:track:6wxVOknGabpV763hFCIkV8,https://open.spotify.com/track/6wxVOknGabpV763hFCIkV8,Fly,D,major,D major
The Chicks,25IG9fa7cbdmCIy3OnuH57,3y6G5El2I6QrJA9BdfAbqA,album,1999-08-27,1999,day,0.405,0.415,2,-8.747,1,0.0277,0.0998,0,0.0775,0.229,183.853,4CRTSexfyLlD0qKRlQNn9h,https://api.spotify.com/v1/audio-analysis/4CRTSexfyLlD0qKRlQNn9h,4,1,232346,FALSE,https://api.spotify.com/v1/tracks/4CRTSexfyLlD0qKRlQNn9h,FALSE,Heartbreak Town,https://p.scdn.co/mp3-preview/e472bdb3f838dc3f6529eb7f83e750f822f95173?cid=7d579775eb7c4283b5e8a198fce27ec9,12,track,spotify:track:4CRTSexfyLlD0qKRlQNn9h,https://open.spotify.com/track/4CRTSexfyLlD0qKRlQNn9h,Fly,D,major,D major
The Chicks,25IG9fa7cbdmCIy3OnuH57,3y6G5El2I6QrJA9BdfAbqA,album,1999-08-27,1999,day,0.496,0.0735,2,-13.21,1,0.0443,0.808,0,0.077,0.448,111.967,5fzAsLqYKkmd82MsYKE4yi,https://api.spotify.com/v1/audio-analysis/5fzAsLqYKkmd82MsYKE4yi,4,1,188200,FALSE,https://api.spotify.com/v1/tracks/5fzAsLqYKkmd82MsYKE4yi,FALSE,Let Him Fly,https://p.scdn.co/mp3-preview/6837c9578b8fdf12910bd84c4226a84ff87cbbd3?cid=7d579775eb7c4283b5e8a198fce27ec9,13,track,spotify:track:5fzAsLqYKkmd82MsYKE4yi,https://open.spotify.com/track/5fzAsLqYKkmd82MsYKE4yi,Fly,D,major,D major
The Chicks,25IG9fa7cbdmCIy3OnuH57,11Rni6y5dnNo6NRVuxltIj,album,1998-01-27,1998,day,0.788,0.748,9,-5.439,1,0.0344,0.419,0,0.0638,0.608,119.781,2VBSOgBcnLHkfat8P2VGvf,https://api.spotify.com/v1/audio-analysis/2VBSOgBcnLHkfat8P2VGvf,4,1,233915,FALSE,https://api.spotify.com/v1/tracks/2VBSOgBcnLHkfat8P2VGvf,FALSE,I Can Love You Better,https://p.scdn.co/mp3-preview/9cbb60622068a085e5ed04a660f7a329d2dff752?cid=7d579775eb7c4283b5e8a198fce27ec9,1,track,spotify:track:2VBSOgBcnLHkfat8P2VGvf,https://open.spotify.com/track/2VBSOgBcnLHkfat8P2VGvf,Wide Open Spaces,A,major,A major
The Chicks,25IG9fa7cbdmCIy3OnuH57,11Rni6y5dnNo6NRVuxltIj,album,1998-01-27,1998,day,0.563,0.544,4,-6.102,1,0.0306,0.577,0,0.128,0.602,179.351,6cjwec9ii5uLK7CDfPBYt1,https://api.spotify.com/v1/audio-analysis/6cjwec9ii5uLK7CDfPBYt1,4,1,223832,FALSE,https://api.spotify.com/v1/tracks/6cjwec9ii5uLK7CDfPBYt1,FALSE,Wide Open Spaces,https://p.scdn.co/mp3-preview/9e35e179f617c70530b26681b5b9498e18fda8bf?cid=7d579775eb7c4283b5e8a198fce27ec9,2,track,spotify:track:6cjwec9ii5uLK7CDfPBYt1,https://open.spotify.com/track/6cjwec9ii5uLK7CDfPBYt1,Wide Open Spaces,E,major,E major
The Chicks,25IG9fa7cbdmCIy3OnuH57,11Rni6y5dnNo6NRVuxltIj,album,1998-01-27,1998,day,0.569,0.34,9,-8.363,1,0.0266,0.473,0,0.137,0.253,136.211,4cHYaDubVO44HdsNHkiTOi,https://api.spotify.com/v1/audio-analysis/4cHYaDubVO44HdsNHkiTOi,4,1,217928,FALSE,https://api.spotify.com/v1/tracks/4cHYaDubVO44HdsNHkiTOi,FALSE,Loving Arms,https://p.scdn.co/mp3-preview/bb6cebd0017aea40ca0b77b63bb0bccc52622bea?cid=7d579775eb7c4283b5e8a198fce27ec9,3,track,spotify:track:4cHYaDubVO44HdsNHkiTOi,https://open.spotify.com/track/4cHYaDubVO44HdsNHkiTOi,Wide Open Spaces,A,major,A major
The Chicks,25IG9fa7cbdmCIy3OnuH57,11Rni6y5dnNo6NRVuxltIj,album,1998-01-27,1998,day,0.737,0.869,2,-5.433,1,0.0267,0.481,0,0.308,0.898,126.628,69m9WDPBvemwujQwdONslk,https://api.spotify.com/v1/audio-analysis/69m9WDPBvemwujQwdONslk,4,1,193064,FALSE,https://api.spotify.com/v1/tracks/69m9WDPBvemwujQwdONslk,FALSE,There's Your Trouble,https://p.scdn.co/mp3-preview/68040d4a00fef1325c11e02e680fbf753f2ad8b2?cid=7d579775eb7c4283b5e8a198fce27ec9,4,track,spotify:track:69m9WDPBvemwujQwdONslk,https://open.spotify.com/track/69m9WDPBvemwujQwdONslk,Wide Open Spaces,D,major,D major
The Chicks,25IG9fa7cbdmCIy3OnuH57,11Rni6y5dnNo6NRVuxltIj,album,1998-01-27,1998,day,0.542,0.346,9,-6.598,1,0.0296,0.342,0,0.283,0.173,139.856,2qdVHdkLxKntNjPh3Ssz7s,https://api.spotify.com/v1/audio-analysis/2qdVHdkLxKntNjPh3Ssz7s,4,1,217807,FALSE,https://api.spotify.com/v1/tracks/2qdVHdkLxKntNjPh3Ssz7s,FALSE,You Were Mine,https://p.scdn.co/mp3-preview/ec7c68691ce9853444156c896f853edff722662e?cid=7d579775eb7c4283b5e8a198fce27ec9,5,track,spotify:track:2qdVHdkLxKntNjPh3Ssz7s,https://open.spotify.com/track/2qdVHdkLxKntNjPh3Ssz7s,Wide Open Spaces,A,major,A major
The Chicks,25IG9fa7cbdmCIy3OnuH57,11Rni6y5dnNo6NRVuxltIj,album,1998-01-27,1998,day,0.672,0.487,0,-6.466,1,0.0252,0.447,0,0.254,0.38,105.582,0aLmHIxgbadE8klBz6Sizm,https://api.spotify.com/v1/audio-analysis/0aLmHIxgbadE8klBz6Sizm,4,1,237162,FALSE,https://api.spotify.com/v1/tracks/0aLmHIxgbadE8klBz6Sizm,FALSE,Never Say Die,https://p.scdn.co/mp3-preview/5245827be3c6ef50335cd88115e4571cbe99f153?cid=7d579775eb7c4283b5e8a198fce27ec9,6,track,spotify:track:0aLmHIxgbadE8klBz6Sizm,https://open.spotify.com/track/0aLmHIxgbadE8klBz6Sizm,Wide Open Spaces,C,major,C major
The Chicks,25IG9fa7cbdmCIy3OnuH57,11Rni6y5dnNo6NRVuxltIj,album,1998-01-27,1998,day,0.681,0.731,5,-4.64,1,0.0289,0.192,0,0.356,0.82,120.736,5K4Dl7nz6NSUONT4fl4sJV,https://api.spotify.com/v1/audio-analysis/5K4Dl7nz6NSUONT4fl4sJV,4,1,206617,FALSE,https://api.spotify.com/v1/tracks/5K4Dl7nz6NSUONT4fl4sJV,FALSE,Tonight the Heartache's on Me,https://p.scdn.co/mp3-preview/db74e8cc8d2d56038ca2ccccc9f40ae057e51750?cid=7d579775eb7c4283b5e8a198fce27ec9,7,track,spotify:track:5K4Dl7nz6NSUONT4fl4sJV,https://open.spotify.com/track/5K4Dl7nz6NSUONT4fl4sJV,Wide Open Spaces,F,major,F major
The Chicks,25IG9fa7cbdmCIy3OnuH57,11Rni6y5dnNo6NRVuxltIj,album,1998-01-27,1998,day,0.672,0.853,4,-4.689,1,0.0996,0.482,0,0.172,0.721,149.986,4vfrLt5mDB8CkfFWxdRvK4,https://api.spotify.com/v1/audio-analysis/4vfrLt5mDB8CkfFWxdRvK4,4,1,171072,FALSE,https://api.spotify.com/v1/tracks/4vfrLt5mDB8CkfFWxdRvK4,FALSE,Let 'Er Rip,https://p.scdn.co/mp3-preview/c316b16af1458d4d44a15d9f451bb1d5bbb97e75?cid=7d579775eb7c4283b5e8a198fce27ec9,8,track,spotify:track:4vfrLt5mDB8CkfFWxdRvK4,https://open.spotify.com/track/4vfrLt5mDB8CkfFWxdRvK4,Wide Open Spaces,E,major,E major
The Chicks,25IG9fa7cbdmCIy3OnuH57,11Rni6y5dnNo6NRVuxltIj,album,1998-01-27,1998,day,0.708,0.48,0,-5.601,1,0.0296,0.65,0,0.112,0.315,139.412,6DaibT17ZfVrGW9GSQ6Hp1,https://api.spotify.com/v1/audio-analysis/6DaibT17ZfVrGW9GSQ6Hp1,4,1,208993,FALSE,https://api.spotify.com/v1/tracks/6DaibT17ZfVrGW9GSQ6Hp1,FALSE,Once You've Loved Somebody,https://p.scdn.co/mp3-preview/4e2e4f5c7066f57ad4e9488b88a423685c09fbfb?cid=7d579775eb7c4283b5e8a198fce27ec9,9,track,spotify:track:6DaibT17ZfVrGW9GSQ6Hp1,https://open.spotify.com/track/6DaibT17ZfVrGW9GSQ6Hp1,Wide Open Spaces,C,major,C major
The Chicks,25IG9fa7cbdmCIy3OnuH57,11Rni6y5dnNo6NRVuxltIj,album,1998-01-27,1998,day,0.599,0.363,11,-7.18,1,0.025,0.361,0,0.112,0.256,141.571,12yrEPyDZYRjzIQJP9Gpvf,https://api.spotify.com/v1/audio-analysis/12yrEPyDZYRjzIQJP9Gpvf,4,1,220198,FALSE,https://api.spotify.com/v1/tracks/12yrEPyDZYRjzIQJP9Gpvf,FALSE,I'll Take Care of You,https://p.scdn.co/mp3-preview/00d770ad43a7b618e694883d1874456594d2486d?cid=7d579775eb7c4283b5e8a198fce27ec9,10,track,spotify:track:12yrEPyDZYRjzIQJP9Gpvf,https://open.spotify.com/track/12yrEPyDZYRjzIQJP9Gpvf,Wide Open Spaces,B,major,B major
The Chicks,25IG9fa7cbdmCIy3OnuH57,11Rni6y5dnNo6NRVuxltIj,album,1998-01-27,1998,day,0.65,0.627,0,-5.004,1,0.0257,0.0534,0,0.07,0.597,132.08,1sdoTAw5gmlYb2wWgVq9fM,https://api.spotify.com/v1/audio-analysis/1sdoTAw5gmlYb2wWgVq9fM,4,1,205618,FALSE,https://api.spotify.com/v1/tracks/1sdoTAw5gmlYb2wWgVq9fM,FALSE,Am I the Only One (Who's Ever Felt This Way),https://p.scdn.co/mp3-preview/075b910a7854573ee6d09d07a96bab54eb8be650?cid=7d579775eb7c4283b5e8a198fce27ec9,11,track,spotify:track:1sdoTAw5gmlYb2wWgVq9fM,https://open.spotify.com/track/1sdoTAw5gmlYb2wWgVq9fM,Wide Open Spaces,C,major,C major
The Chicks,25IG9fa7cbdmCIy3OnuH57,11Rni6y5dnNo6NRVuxltIj,album,1998-01-27,1998,day,0.617,0.905,2,-4.329,1,0.0321,0.119,0.00117,0.77,0.769,103.862,318AgoKVYc1BuX8XBthGtR,https://api.spotify.com/v1/audio-analysis/318AgoKVYc1BuX8XBthGtR,4,1,296313,FALSE,https://api.spotify.com/v1/tracks/318AgoKVYc1BuX8XBthGtR,FALSE,Give It Up or Let Me Go,https://p.scdn.co/mp3-preview/29b228934e05ca8f474e72eca27880e3698887e8?cid=7d579775eb7c4283b5e8a198fce27ec9,12,track,spotify:track:318AgoKVYc1BuX8XBthGtR,https://open.spotify.com/track/318AgoKVYc1BuX8XBthGtR,Wide Open Spaces,D,major,D major
